alert_id,typology,rule_id,risk_score,priority,status,alert_date,customer_name,risk_rating,is_pep,nationality,amount,transaction_type,transaction_date,counterparty_country
ALT_5D07BB5BB0,smurfing,AML-002,100.0,critical,open,2026-06-02 19:04:20,Carol Kim,medium,0,GB,4818.73,ach_transfer,2025-11-17 20:41:20,US
ALT_00409FD8EF,smurfing,AML-002,100.0,critical,open,2026-06-02 19:04:20,Carol Kim,medium,0,GB,4766.28,ach_transfer,2025-11-17 20:00:20,US
ALT_54A62F1855,smurfing,AML-002,100.0,critical,open,2026-06-02 19:04:20,Carol Kim,medium,0,GB,4812.57,ach_transfer,2025-11-17 20:18:20,US
ALT_3EAD8E38FD,smurfing,AML-002,100.0,critical,open,2026-06-02 19:04:20,Carol Kim,medium,0,GB,4774.57,ach_transfer,2025-11-17 20:40:20,US
ALT_E480FA0324,smurfing,AML-002,100.0,critical,open,2026-06-02 19:04:20,Carol Kim,medium,0,GB,4777.69,ach_transfer,2025-11-17 20:26:20,US
ALT_B3A1E5CFBE,smurfing,AML-002,100.0,critical,open,2026-06-02 19:04:20,Carol Kim,medium,0,GB,4830.71,ach_transfer,2025-11-17 20:27:20,US
ALT_2163B8887D,smurfing,AML-002,100.0,critical,open,2026-06-02 19:04:20,Joshua Ruiz,high,0,SY,3714.8,ach_transfer,2025-10-28 20:59:20,US
ALT_B827AF8FFF,smurfing,AML-002,100.0,critical,open,2026-06-02 19:04:20,Joshua Ruiz,high,0,SY,3716.6,ach_transfer,2025-10-28 20:05:20,US
ALT_9EE7586609,smurfing,AML-002,100.0,critical,open,2026-06-02 19:04:20,Joshua Ruiz,high,0,SY,3738.34,ach_transfer,2025-10-28 20:03:20,US
ALT_4872501735,smurfing,AML-002,100.0,critical,open,2026-06-02 19:04:20,Joshua Ruiz,high,0,SY,3722.64,ach_transfer,2025-10-28 20:07:20,US
ALT_C06E4AB631,layering,AML-003,100.0,critical,open,2026-06-02 19:04:20,Jessica Fox,sanctioned,0,CA,40267.85,wire_transfer,2025-08-18 23:04:20,US
ALT_4CC296AB83,layering,AML-003,100.0,critical,open,2026-06-02 19:04:20,Jesse Brown,high,0,VE,50993.58,wire_transfer,2025-12-21 11:04:20,RU
ALT_4D85EC821B,layering,AML-003,100.0,critical,open,2026-06-02 19:04:20,Amanda Ortiz,medium,0,SG,53242.02,internal_transfer,2025-12-25 01:04:20,US
ALT_31C0082CAB,layering,AML-003,100.0,critical,open,2026-06-02 19:04:20,Richard Glenn,medium,0,FR,60554.08,internal_transfer,2026-04-19 01:04:20,IR
ALT_D3346C548B,round_tripping,AML-004,100.0,critical,open,2026-06-02 19:04:21,Christopher Williams,pep,1,DE,5407.65,ach_transfer,2025-09-23 19:04:20,US
ALT_F2C9DCA831,round_tripping,AML-004,100.0,critical,open,2026-06-02 19:04:21,Julie Alexander,high,0,KP,5491.47,wire_transfer,2025-08-10 19:04:20,US
ALT_1E745A7D32,round_tripping,AML-004,100.0,critical,open,2026-06-02 19:04:21,Michele Collins,sanctioned,0,US,8558.44,wire_transfer,2026-01-06 19:04:20,US
ALT_8095C97D32,round_tripping,AML-004,100.0,critical,open,2026-06-02 19:04:21,Aaron Wise,high,0,MM,8769.57,ach_transfer,2025-12-26 19:04:20,US
ALT_2F927B12C8,round_tripping,AML-004,100.0,critical,open,2026-06-02 19:04:21,Matthew Foster,high,0,IR,8865.8,wire_transfer,2026-04-17 19:04:20,US
ALT_246865C883,round_tripping,AML-004,100.0,critical,open,2026-06-02 19:04:21,David Lopez,high,0,KP,9002.48,ach_transfer,2025-06-10 19:04:20,US
ALT_0D3928BDB3,round_tripping,AML-004,100.0,critical,open,2026-06-02 19:04:21,Christopher Williams,pep,1,DE,10321.94,wire_transfer,2025-11-20 19:04:20,US
ALT_9A63F2B877,round_tripping,AML-004,100.0,critical,open,2026-06-02 19:04:21,Michael Stephens,high,0,VE,10832.01,wire_transfer,2025-06-04 19:04:20,US
ALT_9BC6B347D0,round_tripping,AML-004,100.0,critical,open,2026-06-02 19:04:21,Sergio Gomez,high,0,MM,11912.87,ach_transfer,2026-05-12 19:04:20,US
ALT_2ED97E7B2A,round_tripping,AML-004,100.0,critical,open,2026-06-02 19:04:21,Jesus Obrien,high,0,KP,12035.64,wire_transfer,2025-06-15 19:04:20,US
ALT_F354E38192,round_tripping,AML-004,100.0,critical,open,2026-06-02 19:04:21,Jesus Obrien,high,0,KP,12035.64,wire_transfer,2025-06-15 19:04:20,US
ALT_192473BA3D,round_tripping,AML-004,100.0,critical,open,2026-06-02 19:04:21,Joshua Ruiz,high,0,SY,13129.83,ach_transfer,2025-10-25 19:04:20,US
ALT_5A48BAF235,round_tripping,AML-004,100.0,critical,open,2026-06-02 19:04:21,Olivia Cole,high,0,VE,13279.44,ach_transfer,2026-03-06 19:04:20,GB
ALT_61C8DC0661,round_tripping,AML-004,100.0,critical,open,2026-06-02 19:04:21,David Lopez,high,0,KP,13654.65,ach_transfer,2025-06-15 19:04:20,US
ALT_1E069ADE66,round_tripping,AML-004,100.0,critical,open,2026-06-02 19:04:21,Brian Johnson,pep,1,GB,13745.4,ach_transfer,2026-04-14 19:04:20,US
ALT_16EB8D36F6,round_tripping,AML-004,100.0,critical,open,2026-06-02 19:04:21,Aaron Wise,high,0,MM,13779.17,ach_transfer,2025-10-21 19:04:20,US
ALT_6C8C0BA04F,round_tripping,AML-004,100.0,critical,open,2026-06-02 19:04:21,Michael Stephens,high,0,VE,14035.15,ach_transfer,2025-10-04 19:04:20,US
ALT_3C3260EC31,round_tripping,AML-004,100.0,critical,open,2026-06-02 19:04:21,Christopher Smith,high,0,YE,14208.68,ach_transfer,2025-12-18 19:04:20,US
ALT_DD582CC362,round_tripping,AML-004,100.0,critical,open,2026-06-02 19:04:21,Christopher Williams,pep,1,DE,14289.47,ach_transfer,2025-08-05 19:04:20,US
ALT_BFC65C1334,round_tripping,AML-004,100.0,critical,open,2026-06-02 19:04:21,Benjamin Soto,high,0,SY,14421.61,wire_transfer,2025-12-30 19:04:20,US
ALT_4526CDB311,high_risk_jurisdiction,AML-006,100.0,critical,open,2026-06-02 19:04:21,Jesse Brown,high,0,VE,50993.58,wire_transfer,2025-12-21 11:04:20,RU
ALT_8D65C37F7A,pep_cash_transaction,AML-007,100.0,critical,open,2026-06-02 19:04:21,Sandra King,pep,1,JP,5159.56,cash_withdrawal,2025-10-31 19:04:20,US
ALT_85A3E384FD,pep_cash_transaction,AML-007,100.0,critical,open,2026-06-02 19:04:21,Heidi Owen,pep,1,GB,5379.85,cash_withdrawal,2026-04-09 19:04:20,US
ALT_92C34D522F,pep_cash_transaction,AML-007,100.0,critical,open,2026-06-02 19:04:21,Megan Richards,pep,1,FR,5695.81,cash_withdrawal,2025-06-09 19:04:20,US
ALT_C424CFB6E6,pep_cash_transaction,AML-007,100.0,critical,open,2026-06-02 19:04:21,Jennifer Banks,pep,1,DE,5736.88,cash_withdrawal,2025-10-15 19:04:20,US
ALT_5CDCF7DCDD,pep_cash_transaction,AML-007,100.0,critical,open,2026-06-02 19:04:21,John Santana,pep,1,NL,5766.49,cash_withdrawal,2025-07-25 19:04:20,US
ALT_30B6422AB7,pep_cash_transaction,AML-007,100.0,critical,open,2026-06-02 19:04:21,Andrea Fox,pep,1,FR,5903.24,cash_withdrawal,2025-11-09 19:04:20,US
ALT_58CB4588F4,pep_cash_transaction,AML-007,100.0,critical,open,2026-06-02 19:04:21,Christopher Williams,pep,1,DE,6096.15,atm_withdrawal,2025-10-26 19:04:20,US
ALT_9EB322AC2E,pep_cash_transaction,AML-007,100.0,critical,open,2026-06-02 19:04:21,Brian Johnson,pep,1,GB,6162.42,cash_withdrawal,2026-01-02 19:04:20,US
ALT_AC48A897B3,pep_cash_transaction,AML-007,100.0,critical,open,2026-06-02 19:04:21,Joyce Solis,pep,1,CH,6172.75,cash_withdrawal,2026-03-12 19:04:20,US
ALT_EECE40D044,pep_cash_transaction,AML-007,100.0,critical,open,2026-06-02 19:04:21,Heidi Owen,pep,1,GB,6354.96,cash_withdrawal,2026-02-26 19:04:20,US
ALT_025581BAFB,pep_cash_transaction,AML-007,100.0,critical,open,2026-06-02 19:04:21,Jennifer Banks,pep,1,DE,6398.72,cash_deposit,2025-08-04 19:04:20,US
ALT_5C9541D990,pep_cash_transaction,AML-007,100.0,critical,open,2026-06-02 19:04:21,Megan Richards,pep,1,FR,6466.82,cash_deposit,2026-02-19 19:04:20,US
ALT_5409BD019C,pep_cash_transaction,AML-007,100.0,critical,open,2026-06-02 19:04:21,Richard Sanchez,pep,1,NL,6785.46,cash_deposit,2025-12-16 19:04:20,US
ALT_9163D199C1,pep_cash_transaction,AML-007,100.0,critical,open,2026-06-02 19:04:21,Joyce Solis,pep,1,CH,7052.66,cash_withdrawal,2025-09-29 19:04:20,US
ALT_C34D52E75D,pep_cash_transaction,AML-007,100.0,critical,open,2026-06-02 19:04:21,Andrea Fox,pep,1,FR,7094.54,cash_deposit,2025-08-07 19:04:20,US
ALT_51F95D4D84,pep_cash_transaction,AML-007,100.0,critical,open,2026-06-02 19:04:21,John Santana,pep,1,NL,7167.9,cash_deposit,2026-03-14 19:04:20,US
ALT_BB0C49E874,pep_cash_transaction,AML-007,100.0,critical,open,2026-06-02 19:04:21,Richard Sanchez,pep,1,NL,7244.66,atm_withdrawal,2025-09-03 19:04:20,US
ALT_BC2BCBA88D,pep_cash_transaction,AML-007,100.0,critical,open,2026-06-02 19:04:21,Richard Sanchez,pep,1,NL,7496.28,atm_withdrawal,2025-09-22 19:04:20,US
ALT_2E6F48DDD4,pep_cash_transaction,AML-007,100.0,critical,open,2026-06-02 19:04:21,Joyce Solis,pep,1,CH,7514.57,cash_withdrawal,2025-09-18 19:04:20,US
ALT_2A032F4F0D,pep_cash_transaction,AML-007,100.0,critical,open,2026-06-02 19:04:21,Megan Richards,pep,1,FR,7618.69,cash_withdrawal,2026-04-23 19:04:20,US
ALT_AD3724F64C,pep_cash_transaction,AML-007,100.0,critical,open,2026-06-02 19:04:21,Sandra King,pep,1,JP,7692.06,atm_withdrawal,2025-07-18 19:04:20,US
ALT_E87EBC2ECC,pep_cash_transaction,AML-007,100.0,critical,open,2026-06-02 19:04:21,Brian Johnson,pep,1,GB,7695.91,cash_deposit,2025-07-04 19:04:20,US
ALT_957AC991F2,pep_cash_transaction,AML-007,100.0,critical,open,2026-06-02 19:04:21,Richard Sanchez,pep,1,NL,7935.34,cash_deposit,2026-01-30 19:04:20,US
ALT_0A4BFF9986,pep_cash_transaction,AML-007,100.0,critical,open,2026-06-02 19:04:21,Heidi Owen,pep,1,GB,7966.71,atm_withdrawal,2026-04-15 19:04:20,US
ALT_8E7D5CDFFE,pep_cash_transaction,AML-007,100.0,critical,open,2026-06-02 19:04:21,Brian Johnson,pep,1,GB,8154.08,atm_withdrawal,2025-09-25 19:04:20,US
ALT_2A278B55D1,pep_cash_transaction,AML-007,100.0,critical,open,2026-06-02 19:04:21,John Santana,pep,1,NL,8519.78,cash_deposit,2025-10-11 21:04:20,US
ALT_E56EE65EDD,pep_cash_transaction,AML-007,100.0,critical,open,2026-06-02 19:04:21,John Santana,pep,1,NL,8717.15,cash_deposit,2025-11-28 19:04:20,JP
ALT_60FC43C7F3,pep_cash_transaction,AML-007,100.0,critical,open,2026-06-02 19:04:21,John Santana,pep,1,NL,8972.77,cash_deposit,2025-10-13 11:04:20,US
ALT_1847A4D4CA,pep_cash_transaction,AML-007,100.0,critical,open,2026-06-02 19:04:21,Sandra King,pep,1,JP,9539.68,cash_deposit,2026-03-28 19:04:20,US
ALT_F873666955,pep_cash_transaction,AML-007,100.0,critical,open,2026-06-02 19:04:21,Christopher Williams,pep,1,DE,9576.43,cash_withdrawal,2025-12-08 19:04:20,US
ALT_17471639F5,pep_cash_transaction,AML-007,100.0,critical,open,2026-06-02 19:04:21,John Santana,pep,1,NL,9754.13,cash_deposit,2025-10-13 14:04:20,US
ALT_F635F20921,pep_cash_transaction,AML-007,100.0,critical,open,2026-06-02 19:04:21,Sandra King,pep,1,JP,10194.07,atm_withdrawal,2025-07-12 19:04:20,US
ALT_081138433E,pep_cash_transaction,AML-007,100.0,critical,open,2026-06-02 19:04:21,Brian Johnson,pep,1,GB,10560.01,atm_withdrawal,2026-03-01 19:04:20,US
ALT_231F35755A,pep_cash_transaction,AML-007,100.0,critical,open,2026-06-02 19:04:21,Brian Johnson,pep,1,GB,10809.27,atm_withdrawal,2026-05-11 19:04:20,US
ALT_ABEFFFFEEE,pep_cash_transaction,AML-007,100.0,critical,open,2026-06-02 19:04:21,Richard Sanchez,pep,1,NL,11035.78,cash_withdrawal,2026-04-30 19:04:20,US
ALT_F24656896A,pep_cash_transaction,AML-007,100.0,critical,open,2026-06-02 19:04:21,Brian Johnson,pep,1,GB,11235.26,cash_withdrawal,2026-05-17 19:04:20,US
ALT_92F54424F0,pep_cash_transaction,AML-007,100.0,critical,open,2026-06-02 19:04:21,Jennifer Banks,pep,1,DE,11274.63,cash_deposit,2025-08-25 19:04:20,NL
ALT_FF47185D63,pep_cash_transaction,AML-007,100.0,critical,open,2026-06-02 19:04:21,Megan Richards,pep,1,FR,11314.25,cash_deposit,2026-04-28 19:04:20,US
ALT_99B94FCDD2,pep_cash_transaction,AML-007,100.0,critical,open,2026-06-02 19:04:21,Richard Sanchez,pep,1,NL,11631.81,cash_deposit,2025-06-14 19:04:20,US
ALT_427CC62266,pep_cash_transaction,AML-007,100.0,critical,open,2026-06-02 19:04:21,Megan Richards,pep,1,FR,11753.16,cash_deposit,2026-01-06 19:04:20,US
ALT_36247D2CDA,pep_cash_transaction,AML-007,100.0,critical,open,2026-06-02 19:04:21,Brian Johnson,pep,1,GB,11808.19,cash_withdrawal,2026-01-24 19:04:20,US
ALT_AE94F896F5,pep_cash_transaction,AML-007,100.0,critical,open,2026-06-02 19:04:21,Richard Sanchez,pep,1,NL,11933.16,cash_deposit,2026-01-01 19:04:20,US
ALT_5CCF7988B3,pep_cash_transaction,AML-007,100.0,critical,open,2026-06-02 19:04:21,Christopher Williams,pep,1,DE,12269.23,cash_deposit,2026-03-05 19:04:20,US
ALT_E450E1BF93,pep_cash_transaction,AML-007,100.0,critical,open,2026-06-02 19:04:21,John Santana,pep,1,NL,13473.33,cash_deposit,2026-05-03 19:04:20,US
ALT_B6DFB81B8E,pep_cash_transaction,AML-007,100.0,critical,open,2026-06-02 19:04:21,Joyce Solis,pep,1,CH,13668.46,atm_withdrawal,2025-07-20 19:04:20,US
ALT_952FDB4784,pep_cash_transaction,AML-007,100.0,critical,open,2026-06-02 19:04:21,Heidi Owen,pep,1,GB,13775.18,cash_withdrawal,2026-01-03 19:04:20,US
ALT_A0C60DFFE0,pep_cash_transaction,AML-007,100.0,critical,open,2026-06-02 19:04:21,Richard Sanchez,pep,1,NL,14529.75,cash_withdrawal,2025-11-27 19:04:20,US
ALT_5AE19ED9E9,round_tripping,AML-004,97.75,critical,open,2026-06-02 19:04:21,Tracy Ramirez,medium,0,AU,5130.09,wire_transfer,2025-10-16 19:04:20,US
ALT_3ECF3CEFD4,round_tripping,AML-004,97.75,critical,open,2026-06-02 19:04:21,Cheyenne Horton,medium,0,GB,6348.54,ach_transfer,2025-10-09 19:04:20,CA
ALT_4CEFDFD97D,round_tripping,AML-004,97.75,critical,open,2026-06-02 19:04:21,Paul Jones,medium,0,NL,7223.82,wire_transfer,2025-07-23 19:04:20,CA
ALT_0EE3283AD8,round_tripping,AML-004,97.75,critical,open,2026-06-02 19:04:21,Raven Taylor,medium,0,CA,7334.97,wire_transfer,2026-01-24 19:04:20,US
ALT_4A04446944,round_tripping,AML-004,97.75,critical,open,2026-06-02 19:04:21,Nicole Gonzalez,medium,0,SG,7360.91,wire_transfer,2026-01-17 19:04:20,US
ALT_7D2094D3B0,round_tripping,AML-004,97.75,critical,open,2026-06-02 19:04:21,Arthur James,medium,0,US,7950.82,ach_transfer,2025-06-16 19:04:20,US
ALT_4E89DC4AD7,round_tripping,AML-004,97.75,critical,open,2026-06-02 19:04:21,Latoya Miller,medium,0,SG,8193.84,ach_transfer,2026-01-07 19:04:20,US
ALT_3EA5EADE1B,round_tripping,AML-004,97.75,critical,open,2026-06-02 19:04:21,Brian Burton,medium,0,NL,8795.87,wire_transfer,2025-12-25 19:04:20,US
ALT_313D3FFE92,round_tripping,AML-004,97.75,critical,open,2026-06-02 19:04:21,Katie Martinez,medium,0,US,9684.07,ach_transfer,2026-03-15 19:04:20,US
ALT_AFA39AD755,round_tripping,AML-004,97.75,critical,open,2026-06-02 19:04:21,Christy Douglas,medium,0,SG,9722.79,ach_transfer,2026-05-20 19:04:20,US
ALT_378883B538,round_tripping,AML-004,97.75,critical,open,2026-06-02 19:04:21,Michael Mccarthy,medium,0,US,9854.99,ach_transfer,2026-04-11 19:04:20,US
ALT_9E06B0EACB,round_tripping,AML-004,97.75,critical,open,2026-06-02 19:04:21,Mrs. Rachel Gibson,medium,0,DE,11104.97,ach_transfer,2025-07-15 19:04:20,US
ALT_7A9BFA6284,round_tripping,AML-004,97.75,critical,open,2026-06-02 19:04:21,Danielle Reed,medium,0,JP,11318.41,wire_transfer,2026-02-14 19:04:20,US
ALT_FDC47942BB,round_tripping,AML-004,97.75,critical,open,2026-06-02 19:04:21,Brandon Hayden,medium,0,FR,11668.98,wire_transfer,2026-03-19 19:04:20,US
ALT_76932AA888,round_tripping,AML-004,97.75,critical,open,2026-06-02 19:04:21,Robert Potter,medium,0,JP,12147.07,ach_transfer,2025-06-02 19:04:20,US
ALT_595E06D42C,round_tripping,AML-004,97.75,critical,open,2026-06-02 19:04:21,Stephanie Gilbert,medium,0,CA,12567.6,ach_transfer,2025-07-14 19:04:20,US
ALT_619F78AD70,round_tripping,AML-004,97.75,critical,open,2026-06-02 19:04:21,Anita Richard,medium,0,DE,13985.25,wire_transfer,2025-10-30 19:04:20,US
ALT_8C8DF5FE0D,round_tripping,AML-004,97.75,critical,open,2026-06-02 19:04:21,Latoya Miller,medium,0,SG,14423.08,wire_transfer,2026-02-04 19:04:20,US
ALT_D30F336BB1,round_tripping,AML-004,97.75,critical,open,2026-06-02 19:04:21,John Adams,medium,0,FR,29141.42,wire_transfer,2026-05-02 19:04:20,DE
ALT_3F8D58BF62,round_tripping,AML-004,97.75,critical,open,2026-06-02 19:04:21,Sarah Curtis,medium,0,JP,34896.93,wire_transfer,2025-08-15 19:04:20,AU
ALT_07DD1CFD5E,layering,AML-003,97.5,critical,open,2026-06-02 19:04:20,Sergio Gomez,high,0,MM,21630.32,internal_transfer,2025-09-10 05:04:20,US
ALT_6D3696FA8A,layering,AML-003,97.5,critical,open,2026-06-02 19:04:20,Courtney Smith,high,0,MM,31681.53,internal_transfer,2025-08-17 05:04:20,US
ALT_996CD4648E,layering,AML-003,97.5,critical,open,2026-06-02 19:04:20,Benjamin Soto,high,0,SY,41671.5,wire_transfer,2026-02-15 19:04:20,FR
ALT_B6DF3F1BC9,high_risk_jurisdiction,AML-006,94.3,critical,open,2026-06-02 19:04:21,Timothy Wong,medium,0,GB,69915.05,wire_transfer,2025-11-23 23:04:20,KP
ALT_1440E2A2E8,layering,AML-003,90.0,critical,open,2026-06-02 19:04:20,Rachael Pearson,low,0,CH,53168.08,internal_transfer,2026-01-21 05:04:20,US
ALT_18D7CB5275,layering,AML-003,90.0,critical,open,2026-06-02 19:04:20,Victoria Murray,low,0,US,57760.57,internal_transfer,2025-12-20 19:04:20,RU
ALT_E85D45124F,layering,AML-003,90.0,critical,open,2026-06-02 19:04:20,Maurice Brooks,low,0,FR,63574.62,wire_transfer,2026-04-18 23:04:20,US
ALT_A907286338,layering,AML-003,90.0,critical,open,2026-06-02 19:04:20,Peter Garrett,low,0,NL,65935.94,wire_transfer,2025-11-24 09:04:20,US
ALT_3052E02261,velocity_spike,AML-005,88.0,critical,open,2026-06-02 19:04:21,Jessica Fox,sanctioned,0,CA,40267.85,wire_transfer,2025-08-18 23:04:20,US
ALT_C2E2672BEB,layering,AML-003,86.25,critical,open,2026-06-02 19:04:20,Mrs. Rachel Gibson,medium,0,DE,22250.03,wire_transfer,2025-10-01 22:04:20,YE
ALT_44738CF36C,layering,AML-003,86.25,critical,open,2026-06-02 19:04:20,Richard Glenn,medium,0,FR,22462.91,wire_transfer,2025-08-12 19:04:20,SG
ALT_B07C0AB746,layering,AML-003,86.25,critical,open,2026-06-02 19:04:20,William Becker,medium,0,NL,28804.61,internal_transfer,2025-08-17 16:04:20,MM
ALT_454665ADBF,layering,AML-003,86.25,critical,open,2026-06-02 19:04:20,John Adams,medium,0,FR,29141.42,wire_transfer,2026-05-02 19:04:20,DE
ALT_B454D900B5,layering,AML-003,86.25,critical,open,2026-06-02 19:04:20,Erik Charles,medium,0,SG,34930.27,internal_transfer,2025-08-19 07:04:20,US
ALT_BEB8BC0023,layering,AML-003,86.25,critical,open,2026-06-02 19:04:20,Robert Potter,medium,0,JP,37990.61,internal_transfer,2025-10-01 22:04:20,IR
ALT_355E4D3747,layering,AML-003,86.25,critical,open,2026-06-02 19:04:20,Anita Richard,medium,0,DE,48095.27,internal_transfer,2025-12-25 07:04:20,MM
ALT_CB3EF83C0F,smurfing,AML-002,85.0,critical,open,2026-06-02 19:04:20,Colleen Wright,low,0,AU,1677.37,ach_transfer,2026-03-11 20:53:20,US
ALT_6FED182FC0,smurfing,AML-002,85.0,critical,open,2026-06-02 19:04:20,Colleen Wright,low,0,AU,1696.57,ach_transfer,2026-03-11 20:32:20,US
ALT_4E9F6567B2,smurfing,AML-002,85.0,critical,open,2026-06-02 19:04:20,Colleen Wright,low,0,AU,1736.75,ach_transfer,2026-03-11 20:19:20,US
ALT_E8987866CB,smurfing,AML-002,85.0,critical,open,2026-06-02 19:04:20,Colleen Wright,low,0,AU,1704.42,ach_transfer,2026-03-11 20:58:20,US
ALT_0203B5789B,smurfing,AML-002,85.0,critical,open,2026-06-02 19:04:20,Colleen Wright,low,0,AU,1734.74,ach_transfer,2026-03-11 20:25:20,US
ALT_A3D10F7E99,round_tripping,AML-004,85.0,critical,open,2026-06-02 19:04:21,Nancy Jennings,low,0,CH,5127.56,ach_transfer,2025-10-01 19:04:20,US
ALT_C1B978AB4C,round_tripping,AML-004,85.0,critical,open,2026-06-02 19:04:21,James Thomas,low,0,NL,5398.25,ach_transfer,2025-09-07 19:04:20,US
ALT_1E992CE643,round_tripping,AML-004,85.0,critical,open,2026-06-02 19:04:21,Parker Cain,low,0,NL,5448.87,wire_transfer,2025-12-22 19:04:20,US
ALT_24D63CF7B9,round_tripping,AML-004,85.0,critical,open,2026-06-02 19:04:21,Crystal Johnson,low,0,DE,5731.24,wire_transfer,2025-12-24 19:04:20,US
ALT_A0A311DAC5,round_tripping,AML-004,85.0,critical,open,2026-06-02 19:04:21,Jason Love,low,0,US,5834.36,wire_transfer,2026-05-17 19:04:20,US
ALT_1E04E95AAC,round_tripping,AML-004,85.0,critical,open,2026-06-02 19:04:21,Sherri Baker,low,0,AU,6077.44,wire_transfer,2026-04-16 19:04:20,US
ALT_F5C3163F12,round_tripping,AML-004,85.0,critical,open,2026-06-02 19:04:21,Chad Jones,low,0,CH,6216.67,ach_transfer,2025-12-04 19:04:20,US
ALT_00307A2F1B,round_tripping,AML-004,85.0,critical,open,2026-06-02 19:04:21,Craig Morrison,low,0,AU,6250.46,ach_transfer,2025-10-13 19:04:20,US
ALT_F9C4D66254,round_tripping,AML-004,85.0,critical,open,2026-06-02 19:04:21,Brittany Perry,low,0,CA,6462.01,ach_transfer,2025-11-27 19:04:20,US
ALT_7143F45B08,round_tripping,AML-004,85.0,critical,open,2026-06-02 19:04:21,Victoria Garcia,low,0,GB,6713.86,ach_transfer,2025-08-24 19:04:20,US
ALT_17E5E35DED,round_tripping,AML-004,85.0,critical,open,2026-06-02 19:04:21,Brittany Perry,low,0,CA,7001.93,ach_transfer,2025-12-01 19:04:20,US
ALT_141B87743A,round_tripping,AML-004,85.0,critical,open,2026-06-02 19:04:21,Ashley Weiss,low,0,JP,7153.51,wire_transfer,2026-05-14 19:04:20,US
ALT_FBBFC8D2B8,round_tripping,AML-004,85.0,critical,open,2026-06-02 19:04:21,Tyler Webb,low,0,CH,7765.22,ach_transfer,2026-05-10 19:04:20,US
ALT_5F58D9E053,round_tripping,AML-004,85.0,critical,open,2026-06-02 19:04:21,Katelyn Estrada,low,0,SG,7784.55,ach_transfer,2025-11-29 19:04:20,US
ALT_71B0D2B82E,round_tripping,AML-004,85.0,critical,open,2026-06-02 19:04:21,Keith Jacobs,low,0,CA,7814.52,ach_transfer,2026-02-18 19:04:20,US
ALT_79A30B9B41,round_tripping,AML-004,85.0,critical,open,2026-06-02 19:04:21,Jason Beck,low,0,AU,8327.39,ach_transfer,2026-04-05 19:04:20,US
ALT_FBF516B931,round_tripping,AML-004,85.0,critical,open,2026-06-02 19:04:21,Shelley Cook,low,0,CA,8819.62,wire_transfer,2026-01-04 19:04:20,US
ALT_8849B6F607,round_tripping,AML-004,85.0,critical,open,2026-06-02 19:04:21,Joseph Burch,low,0,GB,9137.12,wire_transfer,2026-02-05 19:04:20,US
ALT_01D8C7F5D9,round_tripping,AML-004,85.0,critical,open,2026-06-02 19:04:21,Abigail Pierce,low,0,JP,9260.81,ach_transfer,2025-08-24 19:04:20,US
ALT_16486FDCB3,round_tripping,AML-004,85.0,critical,open,2026-06-02 19:04:21,Nicole Brown,low,0,GB,9498.55,ach_transfer,2026-03-24 19:04:20,AU
ALT_7921C275A5,round_tripping,AML-004,85.0,critical,open,2026-06-02 19:04:21,Randy Conley,low,0,SG,9723.58,ach_transfer,2025-10-23 19:04:20,US
ALT_5BE6695106,round_tripping,AML-004,85.0,critical,open,2026-06-02 19:04:21,Larry Dixon,low,0,JP,9741.42,wire_transfer,2025-11-27 19:04:20,KP
ALT_8CA46D00BF,round_tripping,AML-004,85.0,critical,open,2026-06-02 19:04:21,Aimee Montoya,low,0,AU,9911.5,wire_transfer,2025-08-14 19:04:20,US
ALT_5F5B62DBFA,round_tripping,AML-004,85.0,critical,open,2026-06-02 19:04:21,Maria Parker,low,0,SG,9934.2,wire_transfer,2026-01-22 19:04:20,US
ALT_F81C9ACEC5,round_tripping,AML-004,85.0,critical,open,2026-06-02 19:04:21,Maria Parker,low,0,SG,9999.47,ach_transfer,2025-07-27 19:04:20,US
ALT_BBB21203B1,round_tripping,AML-004,85.0,critical,open,2026-06-02 19:04:21,Randy Conley,low,0,SG,10046.28,ach_transfer,2025-09-25 19:04:20,US
ALT_77144545A6,round_tripping,AML-004,85.0,critical,open,2026-06-02 19:04:21,Christopher Pierce,low,0,FR,10135.77,ach_transfer,2026-02-09 19:04:20,US
ALT_2A31374AFF,round_tripping,AML-004,85.0,critical,open,2026-06-02 19:04:21,Rickey Li,low,0,NL,10142.71,wire_transfer,2026-02-15 19:04:20,US
ALT_E68BBF1B84,round_tripping,AML-004,85.0,critical,open,2026-06-02 19:04:21,Paul Castaneda,low,0,JP,10144.74,wire_transfer,2026-01-11 19:04:20,US
ALT_2A435F6800,round_tripping,AML-004,85.0,critical,open,2026-06-02 19:04:21,Ashley Gordon,low,0,JP,10154.43,ach_transfer,2025-10-21 19:04:20,US
ALT_17FB9CC5ED,round_tripping,AML-004,85.0,critical,open,2026-06-02 19:04:21,Nichole Alvarez,low,0,GB,10281.73,ach_transfer,2025-06-07 19:04:20,US
ALT_F4CBAB84BB,round_tripping,AML-004,85.0,critical,open,2026-06-02 19:04:21,Thomas Harrell,low,0,CA,10332.89,wire_transfer,2026-04-03 19:04:20,US
ALT_5C93ED421D,round_tripping,AML-004,85.0,critical,open,2026-06-02 19:04:21,Amanda Jones,low,0,FR,10376.24,wire_transfer,2026-05-12 19:04:20,US
ALT_30C3C05CB7,round_tripping,AML-004,85.0,critical,open,2026-06-02 19:04:21,Keith Jacobs,low,0,CA,10849.07,ach_transfer,2025-09-01 19:04:20,US
ALT_DC322835A1,round_tripping,AML-004,85.0,critical,open,2026-06-02 19:04:21,Brittany Kim,low,0,FR,10862.39,ach_transfer,2025-11-18 19:04:20,US
ALT_0C31585710,round_tripping,AML-004,85.0,critical,open,2026-06-02 19:04:21,Cynthia Wallace,low,0,AU,10958.47,wire_transfer,2026-05-04 19:04:20,US
ALT_4EA4181730,round_tripping,AML-004,85.0,critical,open,2026-06-02 19:04:21,Ashley Gordon,low,0,JP,11013.65,wire_transfer,2025-08-12 19:04:20,US
ALT_91FBBE778F,round_tripping,AML-004,85.0,critical,open,2026-06-02 19:04:21,Ashley Graham,low,0,DE,11194.32,wire_transfer,2026-03-13 19:04:20,US
ALT_D4C71167C3,round_tripping,AML-004,85.0,critical,open,2026-06-02 19:04:21,Justin Johnson,low,0,DE,11252.46,ach_transfer,2025-07-01 19:04:20,NL
ALT_015B310BC5,round_tripping,AML-004,85.0,critical,open,2026-06-02 19:04:21,Kevin Pacheco,low,0,AU,11273.93,ach_transfer,2025-08-13 19:04:20,US
ALT_2DA025D3CA,round_tripping,AML-004,85.0,critical,open,2026-06-02 19:04:21,Tracy Ballard,low,0,DE,11326.04,ach_transfer,2026-01-12 19:04:20,US
ALT_7A4D663DE5,round_tripping,AML-004,85.0,critical,open,2026-06-02 19:04:21,Peter Garrett,low,0,NL,11351.41,ach_transfer,2026-05-05 19:04:20,US
ALT_141EE6E0B5,round_tripping,AML-004,85.0,critical,open,2026-06-02 19:04:21,Matthew Smith,low,0,FR,11354.19,ach_transfer,2025-06-05 19:04:20,US
ALT_2DCF9AD93F,round_tripping,AML-004,85.0,critical,open,2026-06-02 19:04:21,Barbara Dudley,low,0,SG,11406.08,ach_transfer,2025-12-26 19:04:20,US
ALT_5D2698170D,round_tripping,AML-004,85.0,critical,open,2026-06-02 19:04:21,Christina Smith,low,0,NL,11786.26,ach_transfer,2025-08-05 19:04:20,US
ALT_12E2333969,round_tripping,AML-004,85.0,critical,open,2026-06-02 19:04:21,Ryan Richardson,low,0,AU,11942.37,ach_transfer,2026-04-24 19:04:20,US
ALT_09995D4954,round_tripping,AML-004,85.0,critical,open,2026-06-02 19:04:21,Tyler Reid,low,0,JP,11961.42,ach_transfer,2025-06-15 19:04:20,US
ALT_3A42302275,round_tripping,AML-004,85.0,critical,open,2026-06-02 19:04:21,Kerry Chavez DDS,low,0,DE,11989.21,ach_transfer,2025-10-24 19:04:20,US
ALT_39C60AEBF4,round_tripping,AML-004,85.0,critical,open,2026-06-02 19:04:21,Andrew Avila,low,0,DE,12630.97,wire_transfer,2026-01-31 19:04:20,US
ALT_E7D70A0F6C,round_tripping,AML-004,85.0,critical,open,2026-06-02 19:04:21,Andrew Avila,low,0,DE,12732.78,wire_transfer,2026-03-23 19:04:20,US
ALT_D0A3730C2A,round_tripping,AML-004,85.0,critical,open,2026-06-02 19:04:21,Stephanie Williams,low,0,DE,12918.12,wire_transfer,2025-12-31 19:04:20,US
ALT_CDD9E5E446,round_tripping,AML-004,85.0,critical,open,2026-06-02 19:04:21,Sherri Baker,low,0,AU,12946.49,ach_transfer,2025-08-24 19:04:20,DE
ALT_2FDBBBAD76,round_tripping,AML-004,85.0,critical,open,2026-06-02 19:04:21,Cody Larson,low,0,JP,12961.11,ach_transfer,2025-09-08 19:04:20,US
ALT_D9F325A76B,round_tripping,AML-004,85.0,critical,open,2026-06-02 19:04:21,Michael Stewart,low,0,US,12993.91,wire_transfer,2026-05-24 19:04:20,CA
ALT_FD8D44B4A6,round_tripping,AML-004,85.0,critical,open,2026-06-02 19:04:21,Donna Hendricks DDS,low,0,FR,13070.69,ach_transfer,2025-09-24 19:04:20,US
ALT_6F258BA4FF,round_tripping,AML-004,85.0,critical,open,2026-06-02 19:04:21,Steven Cooper,low,0,CA,13190.65,ach_transfer,2025-07-23 19:04:20,US
ALT_790C605F93,round_tripping,AML-004,85.0,critical,open,2026-06-02 19:04:21,Ronnie Jimenez,low,0,US,13279.78,ach_transfer,2025-12-05 19:04:20,US
ALT_9F5F8E8965,round_tripping,AML-004,85.0,critical,open,2026-06-02 19:04:21,Robert Montgomery,low,0,NL,13592.6,wire_transfer,2025-06-26 19:04:20,US
ALT_1F146D7F40,round_tripping,AML-004,85.0,critical,open,2026-06-02 19:04:21,Richard Camacho,low,0,AU,13729.95,wire_transfer,2025-09-09 19:04:20,US
ALT_14974A004B,round_tripping,AML-004,85.0,critical,open,2026-06-02 19:04:21,Jacob Preston,low,0,CH,13856.14,ach_transfer,2026-02-24 19:04:20,US
ALT_6CF06FF11B,round_tripping,AML-004,85.0,critical,open,2026-06-02 19:04:21,Pamela Jackson,low,0,AU,13868.63,wire_transfer,2025-10-06 19:04:20,US
ALT_7E2CAE46CF,round_tripping,AML-004,85.0,critical,open,2026-06-02 19:04:21,Michelle Jacobs,low,0,US,13949.39,wire_transfer,2026-05-20 19:04:20,US
ALT_F439C325C4,round_tripping,AML-004,85.0,critical,open,2026-06-02 19:04:21,Cody Larson,low,0,JP,14001.93,wire_transfer,2025-10-04 05:04:20,VE
ALT_EC92D23EBC,round_tripping,AML-004,85.0,critical,open,2026-06-02 19:04:21,Laura Curtis,low,0,CH,14034.53,ach_transfer,2025-10-26 19:04:20,US
ALT_BF5F3C6E20,round_tripping,AML-004,85.0,critical,open,2026-06-02 19:04:21,Teresa Taylor,low,0,DE,14053.68,ach_transfer,2026-03-09 19:04:20,US
ALT_DA6ED8634B,round_tripping,AML-004,85.0,critical,open,2026-06-02 19:04:21,Teresa Taylor,low,0,DE,14053.68,ach_transfer,2026-03-09 19:04:20,US
ALT_5FA0394C88,round_tripping,AML-004,85.0,critical,open,2026-06-02 19:04:21,Diane Evans,low,0,DE,14147.82,ach_transfer,2025-06-15 19:04:20,US
ALT_541CF5B509,round_tripping,AML-004,85.0,critical,open,2026-06-02 19:04:21,Melissa Taylor,low,0,NL,14246.05,ach_transfer,2026-04-28 19:04:20,US
ALT_A02A040E7C,round_tripping,AML-004,85.0,critical,open,2026-06-02 19:04:21,Michael Henry,low,0,SG,14315.83,wire_transfer,2025-10-13 19:04:20,US
ALT_04D2BF00FB,round_tripping,AML-004,85.0,critical,open,2026-06-02 19:04:21,William Herrera,low,0,SG,14431.95,ach_transfer,2025-09-09 19:04:20,US
ALT_677EE4895B,round_tripping,AML-004,85.0,critical,open,2026-06-02 19:04:21,Audrey Harris,low,0,CA,14634.49,ach_transfer,2026-03-28 19:04:20,US
ALT_62856421F0,round_tripping,AML-004,85.0,critical,open,2026-06-02 19:04:21,Gina Wilson,low,0,FR,14727.53,ach_transfer,2025-12-25 19:04:20,US
ALT_6F488754BF,round_tripping,AML-004,85.0,critical,open,2026-06-02 19:04:21,Matthew Smith,low,0,FR,14750.7,ach_transfer,2025-09-01 19:04:20,US
ALT_C4523D3369,round_tripping,AML-004,85.0,critical,open,2026-06-02 19:04:21,Bradley Robertson,low,0,DE,14803.98,wire_transfer,2025-06-13 19:04:20,US
ALT_71D40A249A,round_tripping,AML-004,85.0,critical,open,2026-06-02 19:04:21,Kristen Garcia,low,0,GB,14804.37,ach_transfer,2025-06-18 19:04:20,US
ALT_E4FA12C109,round_tripping,AML-004,85.0,critical,open,2026-06-02 19:04:21,Steven Cooper,low,0,CA,16502.19,wire_transfer,2025-10-14 19:04:20,US
ALT_35C867DF2A,round_tripping,AML-004,85.0,critical,open,2026-06-02 19:04:21,Kimberly Ball,low,0,DE,16568.31,wire_transfer,2025-10-19 19:04:20,FR
ALT_483B30D9BA,round_tripping,AML-004,85.0,critical,open,2026-06-02 19:04:21,Dawn Fletcher,low,0,SG,22807.11,wire_transfer,2025-08-09 19:04:20,FR
ALT_134FCA6606,round_tripping,AML-004,85.0,critical,open,2026-06-02 19:04:21,Spencer Haynes,low,0,DE,30403.1,wire_transfer,2025-09-13 19:04:20,CH
ALT_8F7BA54CAC,round_tripping,AML-004,85.0,critical,open,2026-06-02 19:04:21,Robert Montgomery,low,0,NL,30880.09,wire_transfer,2025-09-15 19:04:20,GB
ALT_D7913F5132,round_tripping,AML-004,85.0,critical,open,2026-06-02 19:04:21,Eric Key,low,0,SG,35076.06,wire_transfer,2025-08-16 19:04:20,NL
ALT_0ADDD4910B,round_tripping,AML-004,85.0,critical,open,2026-06-02 19:04:21,Elizabeth Jones,low,0,NL,36670.76,wire_transfer,2026-01-08 19:04:20,CA
ALT_74F8E73E3D,round_tripping,AML-004,85.0,critical,open,2026-06-02 19:04:21,Paul Thompson,low,0,CH,38054.94,wire_transfer,2026-01-09 19:04:20,SG
ALT_2F5AF1028C,round_tripping,AML-004,85.0,critical,open,2026-06-02 19:04:21,Thomas Peterson,low,0,SG,40784.18,wire_transfer,2026-02-13 19:04:20,SG
ALT_D375D1E9B2,round_tripping,AML-004,85.0,critical,open,2026-06-02 19:04:21,Matthew Hoover,low,0,US,46055.8,wire_transfer,2025-11-10 19:04:20,JP
ALT_6B3125B933,round_tripping,AML-004,85.0,critical,open,2026-06-02 19:04:21,Kristen Myers DDS,low,0,FR,47673.39,wire_transfer,2025-11-05 19:04:20,CA
ALT_D2CFBA5F2D,round_tripping,AML-004,85.0,critical,open,2026-06-02 19:04:21,Eric Nolan,low,0,CH,47957.32,wire_transfer,2026-05-05 19:04:20,NL
ALT_D84EB762DA,round_tripping,AML-004,85.0,critical,open,2026-06-02 19:04:21,Donna Hendricks DDS,low,0,FR,48138.94,wire_transfer,2025-11-06 19:04:20,SG
ALT_AD972882FB,high_risk_jurisdiction,AML-006,84.5,high,open,2026-06-02 19:04:21,Joshua Ruiz,high,0,SY,13985.83,wire_transfer,2025-10-19 19:04:20,KP
ALT_3CB5042442,high_risk_jurisdiction,AML-006,84.5,high,open,2026-06-02 19:04:21,Victor Morris,high,0,SY,39510.51,wire_transfer,2025-12-25 15:04:20,VE
ALT_E8C355A477,velocity_spike,AML-005,82.8,high,open,2026-06-02 19:04:21,Timothy Wong,medium,0,GB,69915.05,wire_transfer,2025-11-23 23:04:20,KP
ALT_B6A5C63298,high_risk_jurisdiction,AML-006,82.0,high,open,2026-06-02 19:04:21,Sean Henry,low,0,NL,50644.01,wire_transfer,2025-08-18 00:04:20,VE
ALT_868C612066,high_risk_jurisdiction,AML-006,82.0,high,open,2026-06-02 19:04:21,Donna Hendricks DDS,low,0,FR,51217.02,wire_transfer,2026-03-06 23:04:20,YE
ALT_9A020980E6,high_risk_jurisdiction,AML-006,82.0,high,open,2026-06-02 19:04:21,Sarah Moore,low,0,SG,53727.07,wire_transfer,2026-03-02 03:04:20,YE
ALT_CD401ECDF5,high_risk_jurisdiction,AML-006,82.0,high,open,2026-06-02 19:04:21,Rickey Li,low,0,NL,61313.45,wire_transfer,2025-11-24 01:04:20,CU
ALT_FF8A65E5BA,high_risk_jurisdiction,AML-006,82.0,high,open,2026-06-02 19:04:21,Cameron Fisher,low,0,NL,68539.51,wire_transfer,2025-12-20 03:04:20,KP
ALT_A7FF0E7E4E,layering,AML-003,80.6,high,open,2026-06-02 19:04:20,Jennifer Robertson,high,0,YE,10327.31,ach_transfer,2025-07-30 19:04:20,US
ALT_34FBD4487A,layering,AML-003,80.6,high,open,2026-06-02 19:04:20,Aaron Hayes,high,0,MM,13076.67,ach_transfer,2026-03-15 19:04:20,IR
ALT_25D404C3BE,layering,AML-003,80.6,high,open,2026-06-02 19:04:20,Daniel Hahn,high,0,IR,14189.79,wire_transfer,2026-04-13 19:04:20,US
ALT_81F4799BDC,layering,AML-003,80.6,high,open,2026-06-02 19:04:20,Benjamin Soto,high,0,SY,14421.61,wire_transfer,2025-12-30 19:04:20,US
ALT_A9267E4E3C,smurfing,AML-002,80.0,high,open,2026-06-02 19:04:20,Angela Griffin,low,0,CH,2679.34,ach_transfer,2026-04-28 20:42:20,US
ALT_BD117BF317,smurfing,AML-002,80.0,high,open,2026-06-02 19:04:20,Angela Griffin,low,0,CH,2663.74,ach_transfer,2026-04-28 20:38:20,US
ALT_5C57E7BC6B,smurfing,AML-002,80.0,high,open,2026-06-02 19:04:20,Angela Griffin,low,0,CH,2665.61,ach_transfer,2026-04-28 20:28:20,US
ALT_250EEC894C,smurfing,AML-002,80.0,high,open,2026-06-02 19:04:20,Angela Griffin,low,0,CH,2727.48,ach_transfer,2026-04-28 20:41:20,US
ALT_102B3C1A01,layering,AML-003,75.0,high,open,2026-06-02 19:04:20,Maria Parker,low,0,SG,20613.37,wire_transfer,2025-10-02 20:04:20,YE
ALT_03750C8608,layering,AML-003,75.0,high,open,2026-06-02 19:04:20,Brenda Wright,low,0,DE,21066.46,wire_transfer,2026-04-14 19:04:20,US
ALT_CB962E5B0B,layering,AML-003,75.0,high,open,2026-06-02 19:04:20,Diane Evans,low,0,DE,21396.76,wire_transfer,2025-10-02 15:04:20,US
ALT_CDEE2BCA96,layering,AML-003,75.0,high,open,2026-06-02 19:04:20,Jason Love,low,0,US,23045.07,wire_transfer,2025-08-10 19:04:20,FR
ALT_6DE909682D,layering,AML-003,75.0,high,open,2026-06-02 19:04:20,Julia Torres,low,0,AU,23662.52,wire_transfer,2026-04-14 13:04:20,RU
ALT_88C7EC368B,layering,AML-003,75.0,high,open,2026-06-02 19:04:20,Donna Landry,low,0,GB,24431.17,wire_transfer,2026-04-14 07:04:20,US
ALT_7B08C5A28C,layering,AML-003,75.0,high,open,2026-06-02 19:04:20,Jodi Roach,low,0,SG,29669.48,wire_transfer,2026-05-03 19:04:20,AU
ALT_995ED0C07F,layering,AML-003,75.0,high,open,2026-06-02 19:04:20,Jason Beck,low,0,AU,29724.58,internal_transfer,2026-02-01 20:04:20,YE
ALT_390C8876FA,layering,AML-003,75.0,high,open,2026-06-02 19:04:20,Allison Hill,low,0,CA,30705.15,wire_transfer,2025-10-03 13:04:20,US
ALT_D8D18310AA,layering,AML-003,75.0,high,open,2026-06-02 19:04:20,Michael Henry,low,0,SG,32813.92,internal_transfer,2025-10-03 06:04:20,CU
ALT_9BE7FD3B87,layering,AML-003,75.0,high,open,2026-06-02 19:04:20,Katherine Davis,low,0,AU,34385.94,wire_transfer,2025-08-17 19:04:20,CA
ALT_06BA99D5F2,layering,AML-003,75.0,high,open,2026-06-02 19:04:20,Riley Bryant,low,0,US,34762.06,wire_transfer,2025-12-18 06:04:20,MM
ALT_C40913F910,layering,AML-003,75.0,high,open,2026-06-02 19:04:20,Donna Hendricks DDS,low,0,FR,35449.66,internal_transfer,2026-02-01 16:04:20,MM
ALT_D29BB971A7,layering,AML-003,75.0,high,open,2026-06-02 19:04:20,Amanda Jones,low,0,FR,36719.52,internal_transfer,2025-10-03 03:04:20,US
ALT_422A078085,layering,AML-003,75.0,high,open,2026-06-02 19:04:20,Nicholas Martin,low,0,FR,36983.62,internal_transfer,2025-12-17 23:04:20,US
ALT_33D655C0D7,layering,AML-003,75.0,high,open,2026-06-02 19:04:20,Evelyn Galvan,low,0,CH,37153.13,internal_transfer,2026-02-01 05:04:20,US
ALT_EF5355C9CE,layering,AML-003,75.0,high,open,2026-06-02 19:04:20,Gabrielle Davis,low,0,CH,37188.21,internal_transfer,2025-08-18 05:04:20,MM
ALT_FE1A30D4A4,layering,AML-003,75.0,high,open,2026-06-02 19:04:20,Samuel Jones,low,0,US,41506.46,wire_transfer,2025-12-17 13:04:20,YE
ALT_806FC740DE,layering,AML-003,75.0,high,open,2026-06-02 19:04:20,Nicholas Martin,low,0,FR,43692.61,internal_transfer,2026-03-07 16:04:20,KP
ALT_A5CF4C2E85,layering,AML-003,75.0,high,open,2026-06-02 19:04:20,Christina Smith,low,0,NL,43843.7,internal_transfer,2025-12-25 19:04:20,US
ALT_DBC68CB9E5,layering,AML-003,75.0,high,open,2026-06-02 19:04:20,Jasmine Beltran,low,0,US,44084.85,internal_transfer,2025-08-18 13:04:20,RU
ALT_ECA448EDEB,layering,AML-003,75.0,high,open,2026-06-02 19:04:20,Nicole Brown,low,0,GB,45383.69,internal_transfer,2025-08-18 03:04:20,US
ALT_B673F79DE6,layering,AML-003,75.0,high,open,2026-06-02 19:04:20,Gabriel Juarez,low,0,US,47080.3,wire_transfer,2025-11-07 19:04:20,FR
ALT_F4D7B35EAF,layering,AML-003,75.0,high,open,2026-06-02 19:04:20,Dylan Cruz,low,0,NL,48014.74,internal_transfer,2025-08-18 05:04:20,US
ALT_3F72BCF25C,layering,AML-003,75.0,high,open,2026-06-02 19:04:20,Alexis Herrera,low,0,SG,48264.86,internal_transfer,2026-03-07 01:04:20,US
ALT_CB2F2767AA,layering,AML-003,75.0,high,open,2026-06-02 19:04:20,Thomas Peterson,low,0,SG,49002.04,internal_transfer,2026-03-02 07:04:20,MM
ALT_9BAD62FFC3,high_risk_jurisdiction,AML-006,74.75,high,open,2026-06-02 19:04:21,Mrs. Rachel Gibson,medium,0,DE,22250.03,wire_transfer,2025-10-01 22:04:20,YE
ALT_4A3F7D2673,velocity_spike,AML-005,72.0,high,open,2026-06-02 19:04:21,Jasmine Beltran,low,0,US,44084.85,internal_transfer,2025-08-18 13:04:20,RU
ALT_A214B11237,velocity_spike,AML-005,72.0,high,open,2026-06-02 19:04:21,Sean Henry,low,0,NL,50644.01,wire_transfer,2025-08-18 00:04:20,VE
ALT_44304C8E3E,velocity_spike,AML-005,72.0,high,open,2026-06-02 19:04:21,Patrick Rivera,low,0,CA,55988.7,internal_transfer,2026-01-21 02:04:20,VE
ALT_BAF56C0DA0,velocity_spike,AML-005,72.0,high,open,2026-06-02 19:04:21,Bianca Wood,low,0,US,60956.92,wire_transfer,2025-12-20 01:04:20,US
ALT_DCD560D412,velocity_spike,AML-005,72.0,high,open,2026-06-02 19:04:21,Rickey Li,low,0,NL,61313.45,wire_transfer,2025-11-24 01:04:20,CU
ALT_F33BBAD552,velocity_spike,AML-005,72.0,high,open,2026-06-02 19:04:21,Maurice Brooks,low,0,FR,63574.62,wire_transfer,2026-04-18 23:04:20,US
ALT_5D77E4806B,velocity_spike,AML-005,72.0,high,open,2026-06-02 19:04:21,Cameron Fisher,low,0,NL,68539.51,wire_transfer,2025-12-20 03:04:20,KP
ALT_65ADCBFD85,velocity_spike,AML-005,71.5,high,open,2026-06-02 19:04:21,Shannon Johnston,high,0,IR,8673.72,cash_deposit,2026-02-25 23:04:20,US
ALT_4C499B71BC,velocity_spike,AML-005,71.5,high,open,2026-06-02 19:04:21,Shannon Johnston,high,0,IR,9928.21,cash_deposit,2026-02-25 03:04:20,US
ALT_0DBCA8F18E,velocity_spike,AML-005,71.5,high,open,2026-06-02 19:04:21,Sergio Gomez,high,0,MM,21630.32,internal_transfer,2025-09-10 05:04:20,US
ALT_4185C044AD,velocity_spike,AML-005,71.5,high,open,2026-06-02 19:04:21,Victor Morris,high,0,SY,39510.51,wire_transfer,2025-12-25 15:04:20,VE
ALT_0D5EDD73A7,velocity_spike,AML-005,71.5,high,open,2026-06-02 19:04:21,Courtney Smith,high,0,MM,40482.87,wire_transfer,2026-02-20 19:04:20,AU
ALT_0D14EF90E6,velocity_spike,AML-005,71.5,high,open,2026-06-02 19:04:21,Benjamin Soto,high,0,SY,41671.5,wire_transfer,2026-02-15 19:04:20,FR
ALT_8A0E7533A2,velocity_spike,AML-005,71.5,high,open,2026-06-02 19:04:21,Kylie Morales,high,0,KP,50410.86,internal_transfer,2025-08-18 03:04:20,VE
ALT_EB79AB186E,velocity_spike,AML-005,71.5,high,open,2026-06-02 19:04:21,Jesse Brown,high,0,VE,50993.58,wire_transfer,2025-12-21 11:04:20,RU
ALT_F872E1AE9E,layering,AML-003,71.3,high,open,2026-06-02 19:04:20,Mary Massey,medium,0,DE,12108.29,wire_transfer,2025-08-10 19:04:20,CA
ALT_621F7E4ACC,layering,AML-003,71.3,high,open,2026-06-02 19:04:20,Regina Roberts,medium,0,CH,17136.2,internal_transfer,2025-09-10 23:04:20,US
ALT_1308E72542,high_risk_jurisdiction,AML-006,65.0,high,open,2026-06-02 19:04:21,Paul Castaneda,low,0,JP,10495.09,wire_transfer,2025-09-11 19:04:20,IR
ALT_57B966900E,high_risk_jurisdiction,AML-006,65.0,high,open,2026-06-02 19:04:21,Angelica Keith,low,0,GB,10821.43,wire_transfer,2025-09-08 19:04:20,IR
ALT_F2DD609F34,high_risk_jurisdiction,AML-006,65.0,high,open,2026-06-02 19:04:21,Kathleen Mays,low,0,NL,10911.36,wire_transfer,2025-10-31 00:04:20,CU
ALT_6B13355191,high_risk_jurisdiction,AML-006,65.0,high,open,2026-06-02 19:04:21,Ashley Weiss,low,0,JP,12252.7,wire_transfer,2025-09-26 19:04:20,KP
ALT_37827C504D,high_risk_jurisdiction,AML-006,65.0,high,open,2026-06-02 19:04:21,Cody Larson,low,0,JP,14001.93,wire_transfer,2025-10-04 05:04:20,VE
ALT_E86FB02440,high_risk_jurisdiction,AML-006,65.0,high,open,2026-06-02 19:04:21,Amber Taylor,low,0,FR,14030.41,wire_transfer,2026-03-13 19:04:20,IR
ALT_713C7ADB7B,high_risk_jurisdiction,AML-006,65.0,high,open,2026-06-02 19:04:21,Sherry Wood,low,0,NL,14162.95,wire_transfer,2025-12-24 19:04:20,KP
ALT_AB412E1D6E,high_risk_jurisdiction,AML-006,65.0,high,open,2026-06-02 19:04:21,Nicole Brown,low,0,GB,14320.29,wire_transfer,2026-05-31 19:04:20,KP
ALT_0404071396,high_risk_jurisdiction,AML-006,65.0,high,open,2026-06-02 19:04:21,Lisa Randall,low,0,JP,15771.42,wire_transfer,2025-10-03 22:04:20,YE
ALT_B49479B34A,high_risk_jurisdiction,AML-006,65.0,high,open,2026-06-02 19:04:21,Travis Miller,low,0,AU,16077.65,wire_transfer,2025-12-28 19:04:20,RU
ALT_494BDA3B51,high_risk_jurisdiction,AML-006,65.0,high,open,2026-06-02 19:04:21,Maria Parker,low,0,SG,16092.23,wire_transfer,2026-03-27 07:04:20,SY
ALT_9B8D5E9D93,high_risk_jurisdiction,AML-006,65.0,high,open,2026-06-02 19:04:21,Maria Parker,low,0,SG,20613.37,wire_transfer,2025-10-02 20:04:20,YE
ALT_CFF50B2EBA,high_risk_jurisdiction,AML-006,65.0,high,open,2026-06-02 19:04:21,Julia Torres,low,0,AU,23662.52,wire_transfer,2026-04-14 13:04:20,RU
ALT_571C87B0F7,high_risk_jurisdiction,AML-006,65.0,high,open,2026-06-02 19:04:21,Natasha Williams,low,0,SG,25679.9,wire_transfer,2026-04-14 03:04:20,IR
ALT_1428951CDB,high_risk_jurisdiction,AML-006,65.0,high,open,2026-06-02 19:04:21,Riley Bryant,low,0,US,34762.06,wire_transfer,2025-12-18 06:04:20,MM
ALT_429674F1A9,high_risk_jurisdiction,AML-006,65.0,high,open,2026-06-02 19:04:21,Samuel Jones,low,0,US,41506.46,wire_transfer,2025-12-17 13:04:20,YE
ALT_55A62481E9,high_risk_jurisdiction,AML-006,65.0,high,open,2026-06-02 19:04:21,Barbara Dudley,low,0,SG,45388.95,wire_transfer,2025-10-01 22:04:20,IR
ALT_D76AD7109F,velocity_spike,AML-005,63.25,medium,open,2026-06-02 19:04:21,William Becker,medium,0,NL,11283.24,check_deposit,2025-08-27 19:04:20,CA
ALT_3ECF79C95F,velocity_spike,AML-005,63.25,medium,open,2026-06-02 19:04:21,Andrew Payne,medium,0,AU,12551.87,wire_transfer,2026-02-01 19:04:20,US
ALT_49049ABF16,velocity_spike,AML-005,63.25,medium,open,2026-06-02 19:04:21,Andrew Payne,medium,0,AU,13005.61,wire_transfer,2026-02-01 19:04:20,US
ALT_7FE5341CB0,velocity_spike,AML-005,63.25,medium,open,2026-06-02 19:04:21,William Becker,medium,0,NL,13379.68,ach_transfer,2025-08-27 19:04:20,US
ALT_2005336BE3,velocity_spike,AML-005,63.25,medium,open,2026-06-02 19:04:21,Mrs. Rachel Gibson,medium,0,DE,22250.03,wire_transfer,2025-10-01 22:04:20,YE
ALT_5347A6AE6A,velocity_spike,AML-005,63.25,medium,open,2026-06-02 19:04:21,Sarah Curtis,medium,0,JP,34896.93,wire_transfer,2025-08-15 19:04:20,AU
ALT_705F9132AE,velocity_spike,AML-005,63.25,medium,open,2026-06-02 19:04:21,Erik Charles,medium,0,SG,34930.27,internal_transfer,2025-08-19 07:04:20,US
ALT_5F64844FBA,velocity_spike,AML-005,63.25,medium,open,2026-06-02 19:04:21,Robert Potter,medium,0,JP,37990.61,internal_transfer,2025-10-01 22:04:20,IR
ALT_4D537D9C86,velocity_spike,AML-005,63.25,medium,open,2026-06-02 19:04:21,Timothy Wong,medium,0,GB,47313.44,wire_transfer,2026-05-08 19:04:20,US
ALT_E531912462,velocity_spike,AML-005,63.25,medium,open,2026-06-02 19:04:21,Anita Richard,medium,0,DE,48095.27,internal_transfer,2025-12-25 07:04:20,MM
ALT_EBCEA3BE36,velocity_spike,AML-005,63.25,medium,open,2026-06-02 19:04:21,Amanda Ortiz,medium,0,SG,53242.02,internal_transfer,2025-12-25 01:04:20,US
ALT_E08FA4DD28,velocity_spike,AML-005,63.25,medium,open,2026-06-02 19:04:21,Richard Glenn,medium,0,FR,60554.08,internal_transfer,2026-04-19 01:04:20,IR
ALT_7F272F0426,layering,AML-003,62.0,medium,open,2026-06-02 19:04:20,Tyler Reid,low,0,JP,10126.48,internal_transfer,2025-10-31 05:04:20,US
ALT_F91FA40001,layering,AML-003,62.0,medium,open,2026-06-02 19:04:20,Elizabeth Jones,low,0,NL,11494.49,internal_transfer,2025-09-04 19:04:20,US
ALT_1FE653D92F,layering,AML-003,62.0,medium,open,2026-06-02 19:04:20,Eric Key,low,0,SG,14136.97,ach_transfer,2026-03-30 19:04:20,US
ALT_6FF1DA2D2C,layering,AML-003,62.0,medium,open,2026-06-02 19:04:20,Glen Wood,low,0,AU,14186.05,wire_transfer,2026-03-27 23:04:20,US
ALT_C932E23868,layering,AML-003,62.0,medium,open,2026-06-02 19:04:20,Peter Garrett,low,0,NL,14710.91,internal_transfer,2025-10-04 15:04:20,US
ALT_DE3AC4CEF8,layering,AML-003,62.0,medium,open,2026-06-02 19:04:20,Travis Miller,low,0,AU,16077.65,wire_transfer,2025-12-28 19:04:20,RU
ALT_610B311C0B,layering,AML-003,62.0,medium,open,2026-06-02 19:04:20,Kimberly Ball,low,0,DE,16568.31,wire_transfer,2025-10-19 19:04:20,FR
ALT_807F71B27C,layering,AML-003,62.0,medium,open,2026-06-02 19:04:20,John Hardy,low,0,SG,16647.71,internal_transfer,2025-12-28 01:04:20,US
ALT_2311A12ED2,layering,AML-003,62.0,medium,open,2026-06-02 19:04:20,Teresa Taylor,low,0,DE,17071.92,internal_transfer,2025-10-04 09:04:20,US
ALT_EA6AB9C5BC,layering,AML-003,62.0,medium,open,2026-06-02 19:04:20,Jordan Edwards,low,0,US,18000.25,wire_transfer,2026-03-27 07:04:20,US
ALT_C5AC4052F4,velocity_spike,AML-005,55.0,medium,open,2026-06-02 19:04:21,Hannah Patterson,low,0,AU,7570.74,internal_transfer,2026-05-11 19:04:20,US
ALT_EF2CD05750,velocity_spike,AML-005,55.0,medium,open,2026-06-02 19:04:21,Michael Stewart,low,0,US,8449.39,ach_transfer,2026-02-02 19:04:20,US
ALT_A849699462,velocity_spike,AML-005,55.0,medium,open,2026-06-02 19:04:21,Michael Stewart,low,0,US,11293.45,cash_withdrawal,2026-02-02 19:04:20,US
ALT_B735363B9E,velocity_spike,AML-005,55.0,medium,open,2026-06-02 19:04:21,Elizabeth Jones,low,0,NL,11494.49,internal_transfer,2025-09-04 19:04:20,US
ALT_95371FA6DC,velocity_spike,AML-005,55.0,medium,open,2026-06-02 19:04:21,Hannah Patterson,low,0,AU,12974.38,cash_withdrawal,2026-05-11 19:04:20,US
ALT_F6B13EF316,velocity_spike,AML-005,55.0,medium,open,2026-06-02 19:04:21,Antonio Fry,low,0,AU,13947.19,check_deposit,2026-02-22 19:04:20,US
ALT_7C3C0F4828,velocity_spike,AML-005,55.0,medium,open,2026-06-02 19:04:21,Jeff Owens,low,0,CH,14001.74,internal_transfer,2026-05-22 19:04:20,US
ALT_F595866954,velocity_spike,AML-005,55.0,medium,open,2026-06-02 19:04:21,Lisa Allen,low,0,US,14014.25,pos_purchase,2025-11-13 19:04:20,US
ALT_FFB88B1E88,velocity_spike,AML-005,55.0,medium,open,2026-06-02 19:04:21,Jeff Owens,low,0,CH,14388.68,internal_transfer,2026-05-22 19:04:20,US
ALT_3CC9D402B8,velocity_spike,AML-005,55.0,medium,open,2026-06-02 19:04:21,Michael Stewart,low,0,US,14740.62,pos_purchase,2026-02-02 19:04:20,US
ALT_66756DF18D,velocity_spike,AML-005,55.0,medium,open,2026-06-02 19:04:21,Lisa Allen,low,0,US,14897.38,atm_withdrawal,2025-11-13 19:04:20,US
ALT_5BF659C935,velocity_spike,AML-005,55.0,medium,open,2026-06-02 19:04:21,Brenda Wright,low,0,DE,21066.46,wire_transfer,2026-04-14 19:04:20,US
ALT_78EF7ACCE1,velocity_spike,AML-005,55.0,medium,open,2026-06-02 19:04:21,Parker Cain,low,0,NL,24525.64,internal_transfer,2025-09-10 03:04:20,KP
ALT_FC9B48398D,velocity_spike,AML-005,55.0,medium,open,2026-06-02 19:04:21,Jason Beck,low,0,AU,29724.58,internal_transfer,2026-02-01 20:04:20,YE
ALT_B60923C125,velocity_spike,AML-005,55.0,medium,open,2026-06-02 19:04:21,Spencer Haynes,low,0,DE,30403.1,wire_transfer,2025-09-13 19:04:20,CH
ALT_2B125EE23A,velocity_spike,AML-005,55.0,medium,open,2026-06-02 19:04:21,Robert Montgomery,low,0,NL,30880.09,wire_transfer,2025-09-15 19:04:20,GB
ALT_A7DC489A0D,velocity_spike,AML-005,55.0,medium,open,2026-06-02 19:04:21,Michael Henry,low,0,SG,32813.92,internal_transfer,2025-10-03 06:04:20,CU
ALT_266F08D7E3,velocity_spike,AML-005,55.0,medium,open,2026-06-02 19:04:21,Katherine Davis,low,0,AU,34385.94,wire_transfer,2025-08-17 19:04:20,CA
ALT_4E14AEF01E,velocity_spike,AML-005,55.0,medium,open,2026-06-02 19:04:21,Eric Key,low,0,SG,35076.06,wire_transfer,2025-08-16 19:04:20,NL
ALT_550B87FAF1,velocity_spike,AML-005,55.0,medium,open,2026-06-02 19:04:21,Elizabeth Jones,low,0,NL,36670.76,wire_transfer,2026-01-08 19:04:20,CA
ALT_57DAE627C2,velocity_spike,AML-005,55.0,medium,open,2026-06-02 19:04:21,Amanda Jones,low,0,FR,36719.52,internal_transfer,2025-10-03 03:04:20,US
ALT_24B8B1B131,velocity_spike,AML-005,55.0,medium,open,2026-06-02 19:04:21,Nicholas Martin,low,0,FR,36983.62,internal_transfer,2025-12-17 23:04:20,US
ALT_6477204B14,velocity_spike,AML-005,55.0,medium,open,2026-06-02 19:04:21,Teresa Powers,low,0,US,37010.09,wire_transfer,2026-01-16 19:04:20,CA
ALT_45E8BEBD11,velocity_spike,AML-005,55.0,medium,open,2026-06-02 19:04:21,Evelyn Galvan,low,0,CH,37153.13,internal_transfer,2026-02-01 05:04:20,US
ALT_381CDE36F7,velocity_spike,AML-005,55.0,medium,open,2026-06-02 19:04:21,Gabrielle Davis,low,0,CH,37188.21,internal_transfer,2025-08-18 05:04:20,MM
ALT_4F120CAB50,velocity_spike,AML-005,55.0,medium,open,2026-06-02 19:04:21,Sherri Smith,low,0,AU,37212.95,wire_transfer,2026-01-13 19:04:20,DE
ALT_78B07BDF80,velocity_spike,AML-005,55.0,medium,open,2026-06-02 19:04:21,Paul Thompson,low,0,CH,38054.94,wire_transfer,2026-01-09 19:04:20,SG
ALT_C79ABA8021,velocity_spike,AML-005,55.0,medium,open,2026-06-02 19:04:21,Laura Williams,low,0,FR,39255.37,internal_transfer,2026-01-31 20:04:20,RU
ALT_F847B7A302,velocity_spike,AML-005,55.0,medium,open,2026-06-02 19:04:21,Todd Woods,low,0,SG,40661.82,internal_transfer,2025-08-17 23:04:20,US
ALT_60663754F7,velocity_spike,AML-005,55.0,medium,open,2026-06-02 19:04:21,Colton Martinez,low,0,FR,41988.05,internal_transfer,2025-10-01 21:04:20,US
ALT_7444588015,velocity_spike,AML-005,55.0,medium,open,2026-06-02 19:04:21,Travis Miller,low,0,AU,42869.65,internal_transfer,2025-08-17 22:04:20,YE
ALT_80FC7B495A,velocity_spike,AML-005,55.0,medium,open,2026-06-02 19:04:21,Nicholas Martin,low,0,FR,43692.61,internal_transfer,2026-03-07 16:04:20,KP
ALT_D3088C780B,velocity_spike,AML-005,55.0,medium,open,2026-06-02 19:04:21,Christina Smith,low,0,NL,43843.7,internal_transfer,2025-12-25 19:04:20,US
ALT_BF54FFEB4C,velocity_spike,AML-005,55.0,medium,open,2026-06-02 19:04:21,Jason Beck,low,0,AU,45130.29,wire_transfer,2025-12-17 01:04:20,US
ALT_E1B51C2284,velocity_spike,AML-005,55.0,medium,open,2026-06-02 19:04:21,Nicole Brown,low,0,GB,45383.69,internal_transfer,2025-08-18 03:04:20,US
ALT_BC85DA811D,velocity_spike,AML-005,55.0,medium,open,2026-06-02 19:04:21,Barbara Dudley,low,0,SG,45388.95,wire_transfer,2025-10-01 22:04:20,IR
ALT_F0D99F2CC7,velocity_spike,AML-005,55.0,medium,open,2026-06-02 19:04:21,Jeff Owens,low,0,CH,46201.32,wire_transfer,2025-11-08 19:04:20,NL
ALT_689B72F736,velocity_spike,AML-005,55.0,medium,open,2026-06-02 19:04:21,Gabriel Juarez,low,0,US,47080.3,wire_transfer,2025-11-07 19:04:20,FR
ALT_BC3B431C75,velocity_spike,AML-005,55.0,medium,open,2026-06-02 19:04:21,Natasha Williams,low,0,SG,47384.67,wire_transfer,2025-11-11 19:04:20,DE
ALT_C381B6E9AE,velocity_spike,AML-005,55.0,medium,open,2026-06-02 19:04:21,Robert Arnold,low,0,GB,47460.88,internal_transfer,2025-12-17 02:04:20,YE
ALT_E41F21C397,velocity_spike,AML-005,55.0,medium,open,2026-06-02 19:04:21,Kristen Myers DDS,low,0,FR,47673.39,wire_transfer,2025-11-05 19:04:20,CA
ALT_9D744B4191,velocity_spike,AML-005,55.0,medium,open,2026-06-02 19:04:21,Eric Nolan,low,0,CH,47957.32,wire_transfer,2026-05-05 19:04:20,NL
ALT_F747E425A8,velocity_spike,AML-005,55.0,medium,open,2026-06-02 19:04:21,Donna Hendricks DDS,low,0,FR,51217.02,wire_transfer,2026-03-06 23:04:20,YE
ALT_7D1D3ECCCA,velocity_spike,AML-005,55.0,medium,open,2026-06-02 19:04:21,Sarah Moore,low,0,SG,53727.07,wire_transfer,2026-03-02 03:04:20,YE
ALT_4A46B8255E,velocity_spike,AML-005,55.0,medium,open,2026-06-02 19:04:21,Victoria Murray,low,0,US,57760.57,internal_transfer,2025-12-20 19:04:20,RU
ALT_FB2E436D82,velocity_spike,AML-005,55.0,medium,open,2026-06-02 19:04:21,Peter Garrett,low,0,NL,65935.94,wire_transfer,2025-11-24 09:04:20,US
