case_id,case_type,status,opened_date,assigned_analyst,total_suspicious_amount,full_name,risk_rating,alert_count
CASE_98A557EC,sar_investigation,open,2026-06-02,analyst_1,800.0,Brian Johnson,pep,8
CASE_DCF38BD2,sar_investigation,open,2026-06-02,analyst_1,800.0,Richard Sanchez,pep,8
CASE_4276C94D,sar_investigation,open,2026-06-02,analyst_1,700.0,John Santana,pep,7
CASE_0C961BD4,sar_investigation,open,2026-06-02,analyst_4,600.0,Christopher Williams,pep,6
CASE_2F7DB8B4,sar_investigation,open,2026-06-02,analyst_4,600.0,Carol Kim,medium,6
CASE_1CD37234,enhanced_due_diligence,open,2026-06-02,analyst_4,584.5,Joshua Ruiz,high,6
CASE_00D6788F,sar_investigation,open,2026-06-02,analyst_2,500.0,Megan Richards,pep,5
CASE_5129BBFA,sar_investigation,open,2026-06-02,analyst_1,425.0,Colleen Wright,low,5
CASE_39387896,sar_investigation,open,2026-06-02,analyst_4,400.0,Heidi Owen,pep,4
CASE_CCB91239,sar_investigation,open,2026-06-02,analyst_1,400.0,Sandra King,pep,4
CASE_EB349BA9,sar_investigation,open,2026-06-02,analyst_2,400.0,Joyce Solis,pep,4
CASE_4E3A7421,enhanced_due_diligence,open,2026-06-02,analyst_1,382.0,Donna Hendricks DDS,low,5
CASE_DFFECE09,enhanced_due_diligence,open,2026-06-02,analyst_2,375.0,Maria Parker,low,5
CASE_7D5A22C5,enhanced_due_diligence,open,2026-06-02,analyst_1,349.6,Benjamin Soto,high,4
CASE_A23E60AB,enhanced_due_diligence,open,2026-06-02,analyst_3,322.0,Mrs. Rachel Gibson,medium,4
CASE_C94AA607,enhanced_due_diligence,open,2026-06-02,analyst_1,320.0,Angela Griffin,low,4
CASE_3B909E36,sar_investigation,open,2026-06-02,analyst_2,300.0,Jennifer Banks,pep,3
CASE_443AF77F,enhanced_due_diligence,open,2026-06-02,analyst_3,292.0,Peter Garrett,low,4
CASE_761BAC7D,enhanced_due_diligence,open,2026-06-02,analyst_1,280.0,Nicole Brown,low,4
CASE_2613E708,enhanced_due_diligence,open,2026-06-02,analyst_3,271.5,Jesse Brown,high,3
CASE_59DC215D,enhanced_due_diligence,open,2026-06-02,analyst_1,270.0,Jason Beck,low,4
CASE_5B1B6CEF,enhanced_due_diligence,open,2026-06-02,analyst_2,269.0,Sergio Gomez,high,3
CASE_291F8061,enhanced_due_diligence,open,2026-06-02,analyst_3,260.0,Nicholas Martin,low,4
CASE_64C10E00,enhanced_due_diligence,open,2026-06-02,analyst_4,257.0,Elizabeth Jones,low,4
CASE_67E360AE,enhanced_due_diligence,open,2026-06-02,analyst_4,250.0,Michael Stewart,low,4
CASE_DFDB5977,enhanced_due_diligence,open,2026-06-02,analyst_3,249.5,Richard Glenn,medium,3
CASE_0C2B3397,enhanced_due_diligence,open,2026-06-02,analyst_4,247.25,Anita Richard,medium,3
CASE_F9906C9D,enhanced_due_diligence,open,2026-06-02,analyst_1,247.25,Robert Potter,medium,3
CASE_42974766,enhanced_due_diligence,open,2026-06-02,analyst_3,240.35,Timothy Wong,medium,3
CASE_9822EECB,enhanced_due_diligence,open,2026-06-02,analyst_1,239.0,Rickey Li,low,3
CASE_AB869038,enhanced_due_diligence,open,2026-06-02,analyst_1,235.0,Cody Larson,low,3
CASE_9BE0B699,enhanced_due_diligence,open,2026-06-02,analyst_1,232.0,Teresa Taylor,low,3
CASE_CD2A1200,enhanced_due_diligence,open,2026-06-02,analyst_2,225.0,Robert Montgomery,low,3
CASE_98DE4B63,enhanced_due_diligence,open,2026-06-02,analyst_2,215.0,Michael Henry,low,3
CASE_C56925FE,enhanced_due_diligence,open,2026-06-02,analyst_4,215.0,Amanda Jones,low,3
CASE_CC52EC9F,enhanced_due_diligence,open,2026-06-02,analyst_3,215.0,Christina Smith,low,3
CASE_6D8C9978,enhanced_due_diligence,open,2026-06-02,analyst_4,212.75,William Becker,medium,3
CASE_98103E63,enhanced_due_diligence,open,2026-06-02,analyst_2,205.0,Barbara Dudley,low,3
CASE_90C253A3,enhanced_due_diligence,open,2026-06-02,analyst_3,202.0,Eric Key,low,3
CASE_1B02D9F1,sar_investigation,open,2026-06-02,analyst_4,200.0,Michael Stephens,high,2
CASE_1C79664C,sar_investigation,open,2026-06-02,analyst_4,200.0,Jesus Obrien,high,2
CASE_26E5E784,sar_investigation,open,2026-06-02,analyst_3,200.0,Aaron Wise,high,2
CASE_C4833F4D,sar_investigation,open,2026-06-02,analyst_3,200.0,David Lopez,high,2
CASE_C87CCA1E,sar_investigation,open,2026-06-02,analyst_3,200.0,Andrea Fox,pep,2
CASE_AC716C27,sar_investigation,open,2026-06-02,analyst_1,195.5,Latoya Miller,medium,2
CASE_81EDA23C,sar_investigation,open,2026-06-02,analyst_4,188.0,Jessica Fox,sanctioned,2
CASE_C597ED5D,sar_investigation,open,2026-06-02,analyst_2,184.0,John Adams,medium,2
CASE_45F89D7A,enhanced_due_diligence,open,2026-06-02,analyst_1,182.0,Travis Miller,low,3
CASE_10048FFC,sar_investigation,open,2026-06-02,analyst_1,170.0,Steven Cooper,low,2
CASE_1BCCE985,sar_investigation,open,2026-06-02,analyst_2,170.0,Sherri Baker,low,2
CASE_3EE1387B,sar_investigation,open,2026-06-02,analyst_1,170.0,Matthew Smith,low,2
CASE_75C810FC,sar_investigation,open,2026-06-02,analyst_2,170.0,Randy Conley,low,2
CASE_8B0CE440,sar_investigation,open,2026-06-02,analyst_2,170.0,Andrew Avila,low,2
CASE_BBCA8BF2,sar_investigation,open,2026-06-02,analyst_2,170.0,Brittany Perry,low,2
CASE_BEB86072,sar_investigation,open,2026-06-02,analyst_4,170.0,Keith Jacobs,low,2
CASE_E4737D39,sar_investigation,open,2026-06-02,analyst_1,170.0,Ashley Gordon,low,2
CASE_087874A2,enhanced_due_diligence,open,2026-06-02,analyst_4,169.0,Courtney Smith,high,2
CASE_3523E6C1,enhanced_due_diligence,open,2026-06-02,analyst_2,165.0,Jeff Owens,low,3
CASE_714F6D33,enhanced_due_diligence,open,2026-06-02,analyst_3,163.25,Amanda Ortiz,medium,2
CASE_725A4667,enhanced_due_diligence,open,2026-06-02,analyst_1,162.0,Maurice Brooks,low,2
CASE_6ABB26B5,enhanced_due_diligence,open,2026-06-02,analyst_1,161.0,Sarah Curtis,medium,2
CASE_8940D8FB,enhanced_due_diligence,open,2026-06-02,analyst_1,160.0,Diane Evans,low,2
CASE_E3BA09D5,enhanced_due_diligence,open,2026-06-02,analyst_1,160.0,Jason Love,low,2
CASE_F95DB2C8,enhanced_due_diligence,open,2026-06-02,analyst_4,160.0,Thomas Peterson,low,2
CASE_A40D340C,enhanced_due_diligence,open,2026-06-02,analyst_3,156.0,Victor Morris,high,2
CASE_9E892DC9,enhanced_due_diligence,open,2026-06-02,analyst_2,154.0,Cameron Fisher,low,2
CASE_D6408508,enhanced_due_diligence,open,2026-06-02,analyst_2,154.0,Sean Henry,low,2
CASE_6B135D34,enhanced_due_diligence,open,2026-06-02,analyst_1,150.0,Ashley Weiss,low,2
CASE_91DA781A,enhanced_due_diligence,open,2026-06-02,analyst_2,150.0,Paul Castaneda,low,2
CASE_BD36BEBD,enhanced_due_diligence,open,2026-06-02,analyst_2,149.5,Erik Charles,medium,2
CASE_7BCB0B64,enhanced_due_diligence,open,2026-06-02,analyst_2,147.0,Tyler Reid,low,2
CASE_D8162279,enhanced_due_diligence,open,2026-06-02,analyst_2,147.0,Jasmine Beltran,low,2
CASE_FB1B8578,enhanced_due_diligence,open,2026-06-02,analyst_4,147.0,Kimberly Ball,low,2
CASE_C3DE2187,enhanced_due_diligence,open,2026-06-02,analyst_3,145.0,Victoria Murray,low,2
CASE_106E484A,enhanced_due_diligence,open,2026-06-02,analyst_2,143.0,Shannon Johnston,high,2
CASE_2C7050F1,enhanced_due_diligence,open,2026-06-02,analyst_3,140.0,Spencer Haynes,low,2
CASE_60080DA0,enhanced_due_diligence,open,2026-06-02,analyst_2,140.0,Julia Torres,low,2
CASE_6D806412,enhanced_due_diligence,open,2026-06-02,analyst_2,140.0,Riley Bryant,low,2
CASE_909A6C32,enhanced_due_diligence,open,2026-06-02,analyst_2,140.0,Parker Cain,low,2
CASE_93419F85,enhanced_due_diligence,open,2026-06-02,analyst_3,140.0,Eric Nolan,low,2
CASE_A8FC6DE9,enhanced_due_diligence,open,2026-06-02,analyst_3,140.0,Samuel Jones,low,2
CASE_ADE651A9,enhanced_due_diligence,open,2026-06-02,analyst_3,140.0,Kristen Myers DDS,low,2
CASE_E91F7049,enhanced_due_diligence,open,2026-06-02,analyst_1,140.0,Paul Thompson,low,2
CASE_F6730B98,enhanced_due_diligence,open,2026-06-02,analyst_3,137.0,Sarah Moore,low,2
CASE_6A781A88,enhanced_due_diligence,open,2026-06-02,analyst_4,130.0,Brenda Wright,low,2
CASE_702F57FE,enhanced_due_diligence,open,2026-06-02,analyst_4,130.0,Katherine Davis,low,2
CASE_89428A1E,enhanced_due_diligence,open,2026-06-02,analyst_3,130.0,Evelyn Galvan,low,2
CASE_B8338147,enhanced_due_diligence,open,2026-06-02,analyst_1,130.0,Gabrielle Davis,low,2
CASE_CD4BB6CF,enhanced_due_diligence,open,2026-06-02,analyst_4,130.0,Gabriel Juarez,low,2
CASE_DAC60985,enhanced_due_diligence,open,2026-06-02,analyst_2,126.5,Andrew Payne,medium,2
CASE_C21C41F3,enhanced_due_diligence,open,2026-06-02,analyst_3,120.0,Natasha Williams,low,2
CASE_7EE59309,enhanced_due_diligence,open,2026-06-02,analyst_4,110.0,Hannah Patterson,low,2
CASE_B3955615,enhanced_due_diligence,open,2026-06-02,analyst_4,110.0,Lisa Allen,low,2
CASE_0A830AF6,sar_investigation,open,2026-06-02,analyst_2,100.0,Christopher Smith,high,1
CASE_19254724,sar_investigation,open,2026-06-02,analyst_3,100.0,Julie Alexander,high,1
CASE_9215BCE5,sar_investigation,open,2026-06-02,analyst_1,100.0,Olivia Cole,high,1
CASE_A60AA303,sar_investigation,open,2026-06-02,analyst_4,100.0,Matthew Foster,high,1
CASE_CBE72942,sar_investigation,open,2026-06-02,analyst_3,100.0,Michele Collins,sanctioned,1
CASE_240DC501,sar_investigation,open,2026-06-02,analyst_4,97.75,Danielle Reed,medium,1
CASE_30273817,sar_investigation,open,2026-06-02,analyst_4,97.75,Cheyenne Horton,medium,1
CASE_3346E169,sar_investigation,open,2026-06-02,analyst_3,97.75,Arthur James,medium,1
CASE_3EE2B0EC,sar_investigation,open,2026-06-02,analyst_2,97.75,Raven Taylor,medium,1
CASE_4080FF3F,sar_investigation,open,2026-06-02,analyst_4,97.75,Katie Martinez,medium,1
CASE_5ADA4C26,sar_investigation,open,2026-06-02,analyst_3,97.75,Michael Mccarthy,medium,1
CASE_70DF522E,sar_investigation,open,2026-06-02,analyst_3,97.75,Brian Burton,medium,1
CASE_7300169A,sar_investigation,open,2026-06-02,analyst_2,97.75,Brandon Hayden,medium,1
CASE_7C7C2FFE,sar_investigation,open,2026-06-02,analyst_4,97.75,Nicole Gonzalez,medium,1
CASE_87BEFCBF,sar_investigation,open,2026-06-02,analyst_1,97.75,Christy Douglas,medium,1
CASE_8D206BDD,sar_investigation,open,2026-06-02,analyst_4,97.75,Paul Jones,medium,1
CASE_A413147F,sar_investigation,open,2026-06-02,analyst_3,97.75,Tracy Ramirez,medium,1
CASE_EC4404DF,sar_investigation,open,2026-06-02,analyst_3,97.75,Stephanie Gilbert,medium,1
CASE_8BD536CD,sar_investigation,open,2026-06-02,analyst_3,90.0,Rachael Pearson,low,1
CASE_0AB26307,sar_investigation,open,2026-06-02,analyst_3,85.0,Crystal Johnson,low,1
CASE_1631FF6C,sar_investigation,open,2026-06-02,analyst_2,85.0,Kevin Pacheco,low,1
CASE_1CB02FF2,sar_investigation,open,2026-06-02,analyst_3,85.0,Abigail Pierce,low,1
CASE_1E8CEEAD,sar_investigation,open,2026-06-02,analyst_1,85.0,Cynthia Wallace,low,1
CASE_26C3B71D,sar_investigation,open,2026-06-02,analyst_1,85.0,Kristen Garcia,low,1
CASE_2CA7197F,sar_investigation,open,2026-06-02,analyst_2,85.0,Matthew Hoover,low,1
CASE_2E2B55C5,sar_investigation,open,2026-06-02,analyst_4,85.0,Dawn Fletcher,low,1
CASE_2ED79138,sar_investigation,open,2026-06-02,analyst_3,85.0,Shelley Cook,low,1
CASE_2F5E8780,sar_investigation,open,2026-06-02,analyst_2,85.0,Brittany Kim,low,1
CASE_3023DB77,sar_investigation,open,2026-06-02,analyst_1,85.0,Justin Johnson,low,1
CASE_36B3F6F0,sar_investigation,open,2026-06-02,analyst_2,85.0,Thomas Harrell,low,1
CASE_3BEF8536,sar_investigation,open,2026-06-02,analyst_4,85.0,Michelle Jacobs,low,1
CASE_408023C5,sar_investigation,open,2026-06-02,analyst_1,85.0,Nichole Alvarez,low,1
CASE_59577203,sar_investigation,open,2026-06-02,analyst_4,85.0,Ashley Graham,low,1
CASE_5C22A022,sar_investigation,open,2026-06-02,analyst_3,85.0,Ryan Richardson,low,1
CASE_5DA8B78A,sar_investigation,open,2026-06-02,analyst_3,85.0,Ronnie Jimenez,low,1
CASE_66177A31,sar_investigation,open,2026-06-02,analyst_1,85.0,Jacob Preston,low,1
CASE_6697EC40,sar_investigation,open,2026-06-02,analyst_4,85.0,Bradley Robertson,low,1
CASE_69376CF0,sar_investigation,open,2026-06-02,analyst_3,85.0,Melissa Taylor,low,1
CASE_6A7AE28C,sar_investigation,open,2026-06-02,analyst_1,85.0,Pamela Jackson,low,1
CASE_6C6739FD,sar_investigation,open,2026-06-02,analyst_4,85.0,Craig Morrison,low,1
CASE_6DEE5C5E,sar_investigation,open,2026-06-02,analyst_3,85.0,James Thomas,low,1
CASE_7C0E1EAF,sar_investigation,open,2026-06-02,analyst_3,85.0,Kerry Chavez DDS,low,1
CASE_7FB24D7A,sar_investigation,open,2026-06-02,analyst_4,85.0,Joseph Burch,low,1
CASE_850DB566,sar_investigation,open,2026-06-02,analyst_4,85.0,Gina Wilson,low,1
CASE_860612D5,sar_investigation,open,2026-06-02,analyst_1,85.0,Stephanie Williams,low,1
CASE_A4E1AD29,sar_investigation,open,2026-06-02,analyst_2,85.0,Tracy Ballard,low,1
CASE_A519C8FA,sar_investigation,open,2026-06-02,analyst_2,85.0,Victoria Garcia,low,1
CASE_B54A2967,sar_investigation,open,2026-06-02,analyst_2,85.0,Richard Camacho,low,1
CASE_B56433EB,sar_investigation,open,2026-06-02,analyst_4,85.0,Chad Jones,low,1
CASE_B5EECD9D,sar_investigation,open,2026-06-02,analyst_2,85.0,Christopher Pierce,low,1
CASE_B81EBB36,sar_investigation,open,2026-06-02,analyst_2,85.0,Tyler Webb,low,1
CASE_B8275C60,sar_investigation,open,2026-06-02,analyst_2,85.0,Audrey Harris,low,1
CASE_BE123605,sar_investigation,open,2026-06-02,analyst_1,85.0,Nancy Jennings,low,1
CASE_DBBC2744,sar_investigation,open,2026-06-02,analyst_1,85.0,Katelyn Estrada,low,1
CASE_E1B89006,sar_investigation,open,2026-06-02,analyst_3,85.0,Aimee Montoya,low,1
CASE_E4AB3ED6,sar_investigation,open,2026-06-02,analyst_4,85.0,Larry Dixon,low,1
CASE_EBA9D10E,sar_investigation,open,2026-06-02,analyst_1,85.0,Laura Curtis,low,1
CASE_F5C36B54,sar_investigation,open,2026-06-02,analyst_4,85.0,William Herrera,low,1
